month,loans,defaults,default_rate,rolling_3m_default_rate
2012-01-01,2602,440,0.1691,0.1691
2012-02-01,2560,421,0.1645,0.1668
2012-03-01,2914,443,0.1520,0.1615
2012-04-01,3230,496,0.1536,0.1563
2012-05-01,3400,569,0.1674,0.1580
2012-06-01,3817,714,0.1871,0.1703
2012-07-01,4627,819,0.1770,0.1775
2012-08-01,5419,884,0.1631,0.1743
2012-09-01,6087,951,0.1562,0.1645
2012-10-01,6263,962,0.1536,0.1574
2012-11-01,6382,1029,0.1612,0.1571
2012-12-01,6066,916,0.1510,0.1554
2013-01-01,6872,1050,0.1528,0.1550
2013-02-01,7561,1160,0.1534,0.1525
2013-03-01,8273,1200,0.1451,0.1502
2013-04-01,9419,1504,0.1597,0.1530
2013-05-01,10350,1720,0.1662,0.1578
2013-06-01,10899,1761,0.1616,0.1625
2013-07-01,11910,1854,0.1557,0.1609
2013-08-01,12674,1941,0.1531,0.1566
2013-09-01,12987,2052,0.1580,0.1556
2013-10-01,14127,2217,0.1569,0.1561
2013-11-01,14720,2266,0.1539,0.1562
2013-12-01,15012,2299,0.1531,0.1546
2014-01-01,15614,2477,0.1586,0.1553
2014-02-01,15205,2525,0.1661,0.1593
2014-03-01,16194,2749,0.1698,0.1649
2014-04-01,18172,3320,0.1827,0.1734
2014-05-01,18098,3321,0.1835,0.1790
2014-06-01,16186,3125,0.1931,0.1862
2014-07-01,27547,5174,0.1878,0.1879
2014-08-01,17731,3337,0.1882,0.1893
2014-09-01,9960,1879,0.1887,0.1881
2014-10-01,36072,7103,0.1969,0.1932
2014-11-01,22957,4421,0.1926,0.1943
2014-12-01,9367,1731,0.1848,0.1938
2015-01-01,32216,6458,0.2005,0.1954
2015-02-01,21656,4198,0.1938,0.1959
2015-03-01,22931,4779,0.2084,0.2010
2015-04-01,31785,6509,0.2048,0.2028
2015-05-01,28711,5882,0.2049,0.2058
2015-06-01,25446,5294,0.2080,0.2058
2015-07-01,41053,8300,0.2022,0.2046
2015-08-01,31701,6339,0.2000,0.2030
2015-09-01,25150,5180,0.2060,0.2024
2015-10-01,42986,8188,0.1905,0.1974
2015-11-01,32908,6540,0.1987,0.1970
2015-12-01,39003,8137,0.2086,0.1990
