state_code,loans,default_rate,risk_rank
NE,1035,0.2531,1
MS,3364,0.2426,2
AL,9909,0.2265,3
AR,5916,0.2243,4
OK,7174,0.2237,5
LA,9337,0.2160,6
NV,11359,0.2093,7
TN,11804,0.2081,8
SD,1638,0.2057,9
NM,4425,0.2036,10
NY,65355,0.2030,11
IN,12583,0.2024,12
OH,25982,0.2000,13
KY,7521,0.1997,14
MO,12433,0.1995,15
FL,54317,0.1984,16
NJ,28931,0.1973,17
PA,27346,0.1972,18
MD,18322,0.1954,19
NC,22104,0.1952,20
HI,4113,0.1947,21
VA,22883,0.1915,22
DE,2179,0.1914,23
MI,20708,0.1871,24
MN,14179,0.1864,25
AZ,18352,0.1862,26
TX,63611,0.1807,27
CA,115979,0.1797,28
AK,1987,0.1792,29
MA,17777,0.1747,30
RI,3416,0.1742,31
UT,5719,0.1731,32
GA,25424,0.1705,33
WI,10258,0.1678,34
CT,11613,0.1660,35
IL,31125,0.1657,36
MT,2300,0.1622,37
WY,1820,0.1588,38
SC,9257,0.1570,39
KS,6982,0.1565,40
WV,3782,0.1565,41
WA,17419,0.1517,42
CO,16940,0.1490,43
OR,9852,0.1396,44
VT,1553,0.1320,45
NH,3772,0.1307,46
DC,2103,0.1284,47
