state_code,defaults,pct_of_all_defaults,cumulative_pct
CA,20843,14.21,14.21
NY,13268,9.05,23.26
TX,11497,7.84,31.10
FL,10775,7.35,38.45
NJ,5709,3.89,42.34
PA,5392,3.68,46.02
OH,5197,3.54,49.57
IL,5156,3.52,53.08
VA,4383,2.99,56.07
GA,4335,2.96,59.03
NC,4315,2.94,61.97
MI,3874,2.64,64.61
MD,3581,2.44,67.05
AZ,3418,2.33,69.39
MA,3106,2.12,71.50
MN,2643,1.80,73.31
WA,2642,1.80,75.11
IN,2547,1.74,76.85
CO,2524,1.72,78.57
MO,2481,1.69,80.26
TN,2457,1.68,81.93
NV,2378,1.62,83.56
AL,2244,1.53,85.09
LA,2017,1.38,86.46
CT,1928,1.31,87.78
WI,1721,1.17,88.95
OK,1605,1.09,90.04
KY,1502,1.02,91.07
SC,1453,0.99,92.06
OR,1375,0.94,93.00
AR,1327,0.90,93.90
KS,1093,0.75,94.65
UT,990,0.68,95.32
NM,901,0.61,95.94
MS,816,0.56,96.49
HI,801,0.55,97.04
RI,595,0.41,97.45
WV,592,0.40,97.85
NH,493,0.34,98.19
DE,417,0.28,98.47
MT,373,0.25,98.72
AK,356,0.24,98.97
SD,337,0.23,99.20
WY,289,0.20,99.39
DC,270,0.18,99.58
NE,262,0.18,99.76
VT,205,0.14,99.90
ND,88,0.06,99.96
ME,62,0.04,100.00
IA,1,0.00,100.00
ID,0,0.00,100.00
