feature_set,risk_decile,loans,defaults,actual_default_rate,avg_predicted,pct_of_all_defaults,cumulative_pct_of_defaults_captured
full,1,37555,1273,0.033896951138330446,0.029561791216033688,0.016793309060207904,1.0
full,2,37555,2541,0.06766076421248834,0.05912753602384121,0.03352065854044641,0.9832066909397922
full,3,37554,3595,0.09572881716994196,0.08199871857680346,0.047424937997994826,0.9496860323993458
full,4,37555,4673,0.12443083477566236,0.10520501359020344,0.06164582343939634,0.9022610944013509
full,5,37554,5716,0.15220748788411353,0.13028236485547662,0.07540499182101208,0.8406152709619547
full,6,37555,7017,0.18684595925975236,0.1583729127936929,0.0925676745290486,0.7652102791409425
full,7,37554,8483,0.2258880545348032,0.19148832034357421,0.11190702337607514,0.672642604611894
full,8,37555,10318,0.27474370922646785,0.23459819263766032,0.13611418922484303,0.5607355812358188
full,9,37554,13297,0.354076796080311,0.29846613462616167,0.1754129069706084,0.4246213920109757
full,10,37555,18891,0.5030222340567169,0.4241554166060301,0.24920848504036727,0.24920848504036727
borrower_only,1,37555,1530,0.040740247636799364,0.044139447973761216,0.020183631470634796,1.0
borrower_only,2,37555,2894,0.07706031154307016,0.07266393177456636,0.03817740488628568,0.9798163685293653
borrower_only,3,37554,3889,0.1035575438035895,0.09418115224421231,0.05130336130019524,0.9416389636430795
borrower_only,4,37555,4890,0.1302090267607509,0.11525938568678407,0.06450846921006807,0.8903356023428843
borrower_only,5,37554,5981,0.1592639931831496,0.1377176399586641,0.07890084955939,0.8258271331328163
borrower_only,6,37555,7071,0.18828385035281586,0.16331290113845146,0.09328003799271806,0.7469262835734263
borrower_only,7,37554,8182,0.21787292964797358,0.19393022419387354,0.10793625666191757,0.6536462455807082
borrower_only,8,37555,9963,0.26529090667021704,0.23345290704164615,0.131431059047016,0.5457099889187906
borrower_only,9,37554,12921,0.34406454705224476,0.2927646627066933,0.17045274655690992,0.4142789298717746
borrower_only,10,37555,18483,0.492158168020237,0.41522118649936934,0.24382618331486466,0.24382618331486466
