score,reject_rate,cutoff_score,applicants_rejected,defaults_avoided_pct,good_loans_lost_pct,baseline_default_rate,approved_default_rate,default_rate_reduction_pp,defaulted_principal_avoided_pct,lift
full,0.05,0.41137193237261577,18777,0.13804020895994934,0.02773385111195628,0.20185010624530683,0.18314371484069525,1.8706391404611584,0.1653837623559063,2.7608041791989866
full,0.1,0.34365354799912556,37555,0.24920848504036727,0.06226688285258656,0.20185010624530683,0.16838614045936134,3.3463965785945486,0.29674391005092304,2.4920848504036726
full,0.15,0.29653080315632385,56332,0.34349110864862015,0.10106691754909222,0.20185010624530683,0.15590168351012174,4.59484227351851,0.40244545425033784,2.2899407243241345
full,0.2,0.2614870092743169,75109,0.42462139201097565,0.14319314610565087,0.20185010624530683,0.14517519479957527,5.667491144573155,0.4891138131229227,2.123106960054878
full,0.25,0.23378710528649174,93886,0.49725608147327316,0.18746788905125075,0.20185010624530683,0.13530497763260668,6.654512861270015,0.5605737089750861,1.9890243258930926
full,0.3,0.2108295484863359,112664,0.5607355812358187,0.2340612927117321,0.20185010624530683,0.12666519579126756,7.518491045403927,0.6198306387638352,1.8691186041193957
full,0.4,0.1739509026817114,150218,0.6726426046118938,0.33104803464312643,0.20185010624530683,0.11012834623304693,9.17217600122599,0.7173628505829428,1.6816065115297345
full,0.5,0.14366897472806808,187773,0.7652102791409424,0.4329289855942777,0.20185010624530683,0.0947846602014134,10.706544604389343,0.7961796060722455,1.5304205582818848
borrower_only,0.05,0.4008962633591371,18777,0.13654952245264101,0.028110841990778738,0.20185010624530683,0.18346044639528658,1.8389659850020252,0.16495497186008634,2.73099044905282
borrower_only,0.1,0.335233464116602,37555,0.24382618331486466,0.06362805345930835,0.20185010624530683,0.1695932731936649,3.2256833051641927,0.29346384205846954,2.4382618331486463
borrower_only,0.15,0.2907671666733249,56332,0.33545723180834786,0.10309866485177252,0.20185010624530683,0.15780949457104013,4.40406116742667,0.3957128541857309,2.2363815453889857
borrower_only,0.2,0.25820382230144695,75109,0.41427892987177456,0.14580872884013585,0.20185010624530683,0.14778472691446126,5.406537933084557,0.47892368992938117,2.0713946493588726
borrower_only,0.25,0.23268258124675445,93886,0.48341776159569416,0.1909675654396114,0.20185010624530683,0.13902932613789676,6.2820780107410075,0.5472017241710505,1.9336710463827766
borrower_only,0.3,0.2117843454231865,112664,0.5457099889187905,0.23786122732216372,0.20185010624530683,0.13099793823844919,7.085216800685765,0.6064374105122393,1.8190332963959686
borrower_only,0.4,0.17754012581503276,150218,0.6536462455807082,0.3358521661962621,0.20185010624530683,0.11651903003621387,8.533107620909295,0.7023373999681075,1.6341156139517703
borrower_only,0.5,0.14982647282156755,187773,0.7469262835734262,0.43755296221417084,0.20185010624530683,0.10216591309719715,9.968419314810967,0.783109852824221,1.4938525671468523
