dimension,segment,loans,defaults,default_rate,avg_int_rate,avg_loan_amnt,total_principal
grade,A,136345,7552,0.05538890315009718,7.228290879753567,14378.125343796986,1960385500.0
grade,B,229476,27631,0.12040910596315083,10.852104446652373,13405.520185117399,3076245150.0
grade,C,217123,44516,0.20502664388388148,14.042104705627684,14114.736808168642,3064634000.0
grade,D,120677,34312,0.28432924252343034,17.291595995923,15153.894901265361,1828726575.0
grade,E,59013,22015,0.3730533950146578,20.097828275125817,17851.413671563892,1053465475.0
grade,F,19639,8435,0.42950252049493354,23.854781811701205,19073.663373898875,374587675.0
grade,G,4547,2173,0.47789751484495274,26.123883879480978,20908.357158566087,95070300.0
term,36 months,589488,82728,0.1403387346307304,12.060053504057759,12638.479748527536,7450232150.0
term,60 months,197332,63906,0.3238501611497375,16.59865784566112,20285.014721383253,4002882525.0
income_band,<30k,57845,12752,0.2204512058086265,14.153519059555709,6717.075806033365,388549250.0
income_band,30-50k,202587,42951,0.21201261680167038,13.661589193778475,10494.348107232941,2126018500.0
income_band,50-75k,242696,46907,0.19327471404555494,13.295119944292448,14217.546951742097,3450541775.0
income_band,75-100k,144647,24269,0.16778087343671144,12.818660739593632,17655.361155087903,2553795025.0
income_band,100-150k,100825,14710,0.145896355070667,12.430808033721794,20228.31143069675,2039519500.0
income_band,150k+,38218,5044,0.1319796954314721,12.143844261866137,23409.56944371762,894666925.0
dti_band,<10,137643,18566,0.13488517396453142,12.395502422934692,13660.573912222198,1880282375.0
dti_band,10-20,333330,55652,0.16695766957669578,12.879841328413283,14846.50136501365,4948784300.0
dti_band,20-30,244260,52574,0.21523786129534103,13.608288626873005,14832.389257348726,3622959400.0
dti_band,30-40,71585,19841,0.27716700426066915,14.826030034225045,13984.283020185792,1001064900.0
fico_band,<680,280283,65303,0.23298951416960714,14.927843037215956,12957.501257657439,3631767325.0
fico_band,680-699,220331,43626,0.1980020968452011,13.718215230721052,14686.152879077388,3235814750.0
fico_band,700-719,144446,22770,0.15763676391177325,12.237136438530662,15854.873966741896,2290173125.0
fico_band,720-749,91811,11115,0.12106392480203897,10.602308982583786,16463.54657938591,1511534675.0
fico_band,750+,49949,3820,0.07647800756771907,8.75133556227352,15692.502352399448,783824800.0
home_ownership,MORTGAGE,391753,64390,0.16436377002856392,12.91194484790161,16155.507998662422,6328968725.0
home_ownership,OTHER,91,16,0.17582417582417584,15.461648351648352,14536.263736263736,1322800.0
home_ownership,OWN,78358,15019,0.19167155874320427,13.213515786518288,13972.419535975905,1094850850.0
home_ownership,RENT,316618,67209,0.21227157015709783,13.548245393502581,12721.867676506074,4027972300.0
verification_status,Not Verified,227170,30655,0.13494299423339348,11.698801294184971,10891.31289342783,2474179550.0
verification_status,Source Verified,298513,59738,0.2001185878001963,13.145215149758972,15276.770944648977,4560314725.0
verification_status,Verified,261137,56241,0.21536971015214237,14.563500652913989,16920.698330761246,4418620400.0
loan_size,Q1 (small),206672,30304,0.1466284741038941,12.766414511883564,5433.4971597507165,1122951725.0
loan_size,Q2,188160,34051,0.18096832482993197,12.740401094812926,10501.136399872448,1975893825.0
loan_size,Q3,220200,45288,0.20566757493188012,13.18781289736603,16598.83038147139,3655062450.0
loan_size,Q4 (large),171788,36991,0.21532935944303444,14.232964351409878,27354.685280694808,4699206675.0
purpose,small_business,8002,2172,0.2714321419645089,16.875012496875783,15622.838040489878,125013950.0
purpose,moving,4640,1013,0.2183189655172414,16.170814655172414,7842.1282327586205,36387475.0
purpose,house,3148,675,0.21442185514612452,16.37524459974587,14909.720457433292,46935800.0
purpose,debt_consolidation,468555,92997,0.1984761660850914,13.527512607911557,15181.892947466145,7113551850.0
purpose,other,36824,7305,0.1983760590918966,15.297097001955247,9796.59121768412,360749675.0
purpose,medical,7469,1474,0.19734904270986744,14.78879234167894,8806.717766769314,65777375.0
purpose,vacation,4261,744,0.17460689978878197,14.622220136118282,6197.835015254635,26408975.0
purpose,major_purchase,14076,2419,0.17185279909065077,12.820183290707586,11688.334754191532,164525000.0
purpose,home_improvement,45310,7603,0.16779960273670272,12.992665416022954,14141.95762524829,640772100.0
purpose,credit_card,185814,28972,0.15591936022043548,11.659396385632945,15021.139688075173,2791138050.0
purpose,car,6922,975,0.14085524414908987,12.204848309737072,9031.042328806703,62512875.0
purpose,wedding,1343,182,0.1355174981384959,15.734795234549514,11003.85331347729,14778175.0
state,NE,1035,262,0.2531400966183575,12.764512077294686,14008.768115942028,14499075.0
state,MS,3364,816,0.24256837098692033,13.25377229488704,14304.689357907253,48120975.0
state,AL,9909,2244,0.2264607932182864,13.746067211625794,14395.072661217075,142640775.0
state,AR,5916,1327,0.22430696416497634,13.449759972954698,13821.399594320486,81767400.0
state,OK,7174,1605,0.22372456091441315,13.406101198773348,14528.83328686925,104229850.0
state,LA,9337,2017,0.21602227696262183,13.29888508086109,14601.2718217843,136332075.0
state,NV,11359,2378,0.20934941456114095,13.435759309798398,13723.270094198433,155882625.0
state,TN,11804,2457,0.20814977973568283,13.455502372077262,14488.726279227381,171024925.0
state,SD,1638,337,0.20573870573870573,13.38429181929182,13508.485958485959,22126900.0
state,NM,4425,901,0.20361581920903954,13.278571751412429,14749.892655367232,65268275.0
state,NY,65355,13268,0.20301430647999388,13.295790834672175,14364.509218881494,938792500.0
state,IN,12583,2547,0.20241595803862353,13.375253914010967,14252.002702058333,179332950.0
state,OH,25982,5197,0.20002309291047649,13.2890824416904,13962.407628358094,362771275.0
state,KY,7521,1502,0.19970748570668795,13.287538891104907,13963.628506847494,105020450.0
state,MO,12433,2481,0.19954958577977963,13.217193758545806,14221.04480012869,176810250.0
state,FL,54317,10775,0.1983725168915809,13.240340224975606,13764.604543697185,747652025.0
state,NJ,28931,5709,0.19733158204002627,13.105374857419376,15326.963291970551,443424375.0
state,PA,27346,5392,0.19717691801360346,13.30726797337819,14287.203795801945,390697875.0
state,MD,18322,3581,0.19544809518611506,13.319626678310229,15264.006385765746,279667125.0
state,NC,22104,4315,0.19521353601158162,13.37649882374231,14360.499230908434,317424475.0
state,HI,4113,801,0.19474835886214442,13.84920982251398,15065.767079990275,61965500.0
state,VA,22883,4383,0.1915395708604641,13.233419569112442,15484.09190228554,354322475.0
state,DE,2179,417,0.1913721890775585,13.375828361633777,14517.450665442864,31633525.0
state,MI,20708,3874,0.1870774579872513,13.249177129611745,13934.422686884296,288554025.0
state,MN,14179,2643,0.18640242612313984,13.089238310177022,14116.635517314338,200159775.0
state,AZ,18352,3418,0.18624673060156932,13.072550675675677,14027.330808631212,257429575.0
state,TX,63611,11497,0.180739180330446,13.087576676989828,15393.386757007436,979188725.0
state,CA,115979,20843,0.1797135688357375,13.141625035566785,14571.794678346942,1690022175.0
state,AK,1987,356,0.17916456970306996,13.57088072471062,16627.28988424761,33038425.0
state,MA,17777,3106,0.1747201440063003,12.588448557124375,15714.653766102267,279359400.0
state,RI,3416,595,0.17418032786885246,13.02818793911007,13958.167447306792,47681100.0
state,UT,5719,990,0.17310718657107885,13.349575100542053,14618.683336247595,83604250.0
state,GA,25424,4335,0.1705081812460667,13.215933370044054,14712.820563247325,374058750.0
state,WI,10258,1721,0.16777149541821018,12.911628972509261,14027.471241957497,143893800.0
state,CT,11613,1928,0.16602083871523293,13.035470593300612,14729.088090932575,171048900.0
state,IL,31125,5156,0.1656546184738956,12.992637751004015,14917.22891566265,464298750.0
state,MT,2300,373,0.16217391304347825,12.966730434782608,13533.978260869566,31128150.0
state,WY,1820,289,0.15879120879120878,13.272994505494506,15203.791208791208,27670900.0
state,SC,9257,1453,0.15696229880090742,13.410310035648699,14499.457167548882,134221475.0
state,KS,6982,1093,0.1565454024634775,13.207563735319393,14361.834001718706,100274325.0
state,WV,3782,592,0.1565309360126917,13.271565309360126,14270.062136435748,53969375.0
state,WA,17419,2642,0.15167346001492624,13.35777771399047,14761.859176761009,257136825.0
state,CO,16940,2524,0.14899645808736717,13.035805194805196,14841.269185360094,251411100.0
state,OR,9852,1375,0.13956557044254975,13.098872310190824,13530.638449045879,133303850.0
state,VT,1553,205,0.1320025756600129,12.853972955569866,13616.001287830006,21145650.0
state,NH,3772,493,0.1306998939554613,12.78108695652174,14526.45811240721,54793800.0
state,DC,2103,270,0.12838801711840228,12.70544460294817,15129.386590584878,31817100.0
issue_year,2012,53367,8644,0.1619727546985965,13.637787209324115,13461.709014934322,718411025.0
issue_year,2013,134804,21024,0.15595976380522833,14.531627770689298,14707.375152072638,1982613000.0
issue_year,2014,223103,41162,0.1844977431948472,13.656289471678999,14582.90341232525,3253489500.0
issue_year,2015,375546,75804,0.20185010624530683,12.385206286313792,14641.618203895128,5498601150.0
