,spearman_with_default
total_acc,-0.00038079654840284785
emp_length_years,-0.00850235059510999
revol_bal,-0.013239395529805261
delinq_2yrs,0.013297519478904453
pub_rec,0.026359387221037044
open_acc,0.03390794971190407
credit_history_years,-0.039804748561894816
revol_util,0.05169430396516703
inq_last_6mths,0.0651356399162561
loan_amnt,0.06662034991762256
annual_inc,-0.06723008897675799
dti,0.10569956113257811
fico_avg,-0.12041427252984406
loan_to_income,0.13673698431699352
term_months,0.20428144783663624
int_rate,0.24833117390132703
