,auc_drop_when_shuffled
application_type,0.0
pub_rec,2.2893590330141933e-06
delinq_2yrs,2.2811644593649188e-05
pub_rec_bankruptcies,3.529300469136872e-05
revol_util,4.388194227193202e-05
total_acc,0.0001679068155278074
installment,0.00020010636863980005
loan_amnt,0.00022582708690421782
purpose,0.0002673786972745192
verification_status,0.000598413867529605
credit_history_years,0.0011080190423660892
inq_last_6mths,0.0015538806768760811
annual_inc,0.0017864631654909517
grade,0.0018384116412687816
mort_acc,0.0018808953843997278
revol_bal,0.0023004217076162403
emp_length_years,0.002470090356494037
open_acc,0.0026047886620205185
home_ownership,0.003031070386947795
fico_avg,0.0034341768330724185
loan_to_income,0.0038974314503037824
int_rate,0.0045855144407672315
dti,0.00463806214474823
addr_state,0.0054664772101708685
term_months,0.021779584128149326
sub_grade,0.0567037510563894
