,coefficient
cat__grade_A,-1.4698102298767493
cat__grade_B,-0.7630827893119136
cat__sub_grade_A1,-0.7497493949816059
cat__application_type_Individual,-0.4427597357209601
cat__sub_grade_B1,-0.4401382523631977
cat__addr_state_DC,-0.4325745377574381
cat__sub_grade_A2,-0.4323042396662193
cat__purpose_wedding,-0.3922357251903238
cat__addr_state_NH,-0.38908279675173546
cat__sub_grade_A3,-0.33345855334352104
cat__addr_state_WV,-0.3249248344173082
cat__sub_grade_B2,-0.3096932045002617
cat__addr_state_VT,-0.28331950085695007
cat__addr_state_WY,-0.2782770838003784
num__int_rate,-0.2737707798651152
cat__grade_C,-0.2710768962355373
cat__sub_grade_C1,-0.2676669726854384
cat__addr_state_CO,-0.23705444573467024
cat__home_ownership_MORTGAGE,-0.20797542064602334
cat__addr_state_SC,-0.20154281238081467
cat__addr_state_KS,-0.19630241197234913
cat__addr_state_OR,-0.18832736606984654
cat__verification_status_Not Verified,-0.18436941161980833
cat__addr_state_AK,-0.18230636551218854
cat__addr_state_MT,-0.18127961684221638
cat__verification_status_Verified,-0.16868877663071538
cat__home_ownership_OWN,-0.16801628259922155
cat__sub_grade_C2,-0.15753399725678027
cat__addr_state_WA,-0.15601633148663682
cat__sub_grade_B3,-0.1510529730903435
cat__sub_grade_D1,-0.14995570035443
cat__purpose_car,-0.14594341886470602
num__loan_amnt,-0.1375280339090224
num__fico_avg,-0.13415114166093142
cat__purpose_credit_card,-0.12677339212561992
cat__purpose_house,-0.10506657373090071
cat__addr_state_IL,-0.09605165324156796
cat__verification_status_Source Verified,-0.08970154746768098
cat__sub_grade_A4,-0.08048390890709718
num__revol_bal,-0.07536144659349268
cat__addr_state_CT,-0.06910600697324167
cat__sub_grade_E1,-0.06900645121823085
cat__purpose_debt_consolidation,-0.06426820125064503
cat__addr_state_UT,-0.05852425687095123
num__total_acc,-0.056903886892909795
cat__purpose_other,-0.055867414971171835
cat__addr_state_GA,-0.055078725949596494
cat__addr_state_WI,-0.04905962123930615
cat__purpose_major_purchase,-0.04183085255369551
cat__home_ownership_RENT,-0.04144901207623494
num__mort_acc,-0.04102245612551432
cat__purpose_home_improvement,-0.03169000404046607
cat__sub_grade_C3,-0.031022802029367122
cat__addr_state_TX,-0.027205965739460245
cat__home_ownership_OTHER,-0.025319020397367636
cat__addr_state_HI,-0.02338236809466745
cat__sub_grade_D2,-0.015355061014098
cat__purpose_vacation,-0.014411897170113477
cat__sub_grade_B4,-0.014397587010666242
cat__sub_grade_F1,-0.010755583708960407
num__pub_rec_bankruptcies,-0.008351784715354669
num__revol_util,-0.0053569476658005015
num__pub_rec,-0.0045704362224647365
cat__addr_state_ME,-0.003493304189292593
cat__addr_state_ID,-0.002791709181696432
num__credit_history_years,-0.0014288824829688678
num__emp_length_years,-0.0006464824294062818
num__delinq_2yrs,0.00047733603608450775
cat__sub_grade_D3,0.0029201643105435634
cat__addr_state_CA,0.009603890128287154
cat__addr_state_IA,0.011669567136730603
num__annual_inc,0.017165466984712083
cat__purpose_renewable_energy,0.020092898483015084
cat__addr_state_NE,0.024716407287446444
cat__addr_state_OH,0.028801765270565098
cat__sub_grade_E2,0.03153590106311786
cat__addr_state_SD,0.03955319019150037
num__installment,0.042789768136735094
cat__purpose_medical,0.044472084517633036
cat__addr_state_KY,0.050065510845166236
cat__sub_grade_C4,0.05161342465333476
cat__addr_state_RI,0.05175977312181394
cat__addr_state_MI,0.05217281795580195
cat__sub_grade_G2,0.0534536742618863
cat__addr_state_AZ,0.05469168185977964
cat__addr_state_MN,0.05744454841215769
cat__addr_state_NC,0.05934340028263752
cat__addr_state_MA,0.06154796404320345
cat__sub_grade_E3,0.06300076587579308
cat__addr_state_PA,0.06368891097097121
cat__addr_state_IN,0.06462109658822314
num__inq_last_6mths,0.07027866933109642
cat__purpose_moving,0.07692839882374823
cat__addr_state_DE,0.0853250669797544
num__open_acc,0.09494401985091025
cat__addr_state_MD,0.09502505584071096
cat__addr_state_VA,0.10205797594760148
cat__sub_grade_F2,0.10348169340875832
cat__grade_D,0.10864263565026275
cat__addr_state_FL,0.1132664015548486
num__dti,0.11446652936682751
cat__addr_state_MO,0.1215769831057896
cat__sub_grade_D4,0.12205941619243986
cat__addr_state_NJ,0.12534459937675504
cat__sub_grade_A5,0.12618586702171483
cat__sub_grade_G4,0.12657044365859807
cat__addr_state_NY,0.12729593585208562
cat__sub_grade_C5,0.1335334510826118
cat__sub_grade_E4,0.14840975919353747
cat__sub_grade_D5,0.14897381651583724
cat__sub_grade_F3,0.15018777084628618
cat__sub_grade_B5,0.15219922765216604
cat__addr_state_LA,0.15490293407937977
cat__addr_state_AR,0.1737350747714675
cat__addr_state_NV,0.17995220989960625
cat__addr_state_NM,0.1810721015494563
cat__addr_state_TN,0.181845003936992
cat__sub_grade_G5,0.1851983526725409
cat__addr_state_OK,0.18710713479380447
cat__sub_grade_F5,0.2024877121189319
cat__sub_grade_G3,0.21097483769508382
cat__addr_state_AL,0.2131275418468168
cat__sub_grade_F4,0.22531220514884173
num__loan_to_income,0.22583795840660614
num__term_months,0.24549572471434472
cat__sub_grade_E5,0.26185656350489644
cat__sub_grade_G1,0.269859899534173
cat__addr_state_MS,0.3216274357137957
cat__purpose_small_business,0.3938343623539372
cat__grade_E,0.43579653841911303
cat__grade_F,0.6707137978138574
cat__grade_G,0.8460572078222823
